category_myprediction,Ground_truth
Phage,Phage
Phage,Phage
Phage,Phage
Phage,Phage
Phage,Phage
Phage,Phage
Phage,Phage
Phage,Phage
Phage,Phage
Phage,Phage
Phage,Phage
Phage,Phage
Phage,Phage
Phage,Phage
Phage,Phage
Phage,Phage
Phage,Phage
Phage,Phage
Phage,Phage
Phage,Phage
Phage,Phage
Phage,Phage
Phage,Phage
Phage,Phage
Bacteria,Phage
Phage,Phage
Phage,Phage
Phage,Phage
Phage,Phage
Phage,Phage
Phage,Phage
Phage,Phage
Phage,Phage
Phage,Phage
Phage,Phage
Phage,Phage
Phage,Phage
Phage,Phage
Phage,Phage
Phage,Phage
Phage,Phage
Phage,Phage
Phage,Phage
Phage,Phage
Phage,Phage
Phage,Phage
Phage,Phage
Phage,Phage
Phage,Phage
Phage,Phage
Phage,Phage
Phage,Phage
Phage,Phage
Phage,Phage
Phage,Phage
Phage,Phage
Phage,Phage
Phage,Phage
Phage,Phage
Phage,Phage
Phage,Phage
Phage,Phage
Phage,Phage
Phage,Phage
Phage,Phage
Phage,Phage
Phage,Phage
Phage,Phage
Phage,Phage
Phage,Phage
Phage,Phage
Phage,Phage
Phage,Phage
Phage,Phage
Phage,Phage
Phage,Phage
Phage,Phage
Phage,Phage
Phage,Phage
Phage,Phage
Phage,Phage
Phage,Phage
Phage,Phage
Phage,Phage
Phage,Phage
Phage,Phage
Phage,Phage
Phage,Phage
Phage,Phage
Phage,Phage
Phage,Phage
Phage,Phage
Phage,Phage
Phage,Phage
Phage,Phage
Phage,Phage
Phage,Phage
Phage,Phage
Phage,Phage
Phage,Phage
Phage,Phage
Phage,Phage
Phage,Phage
Phage,Phage
Phage,Phage
Phage,Phage
Phage,Phage
Phage,Phage
Phage,Phage
Phage,Phage
Phage,Phage
Phage,Phage
Phage,Phage
Phage,Phage
Phage,Phage
Phage,Phage
Phage,Phage
Phage,Phage
Phage,Phage
Phage,Phage
Phage,Phage
Phage,Phage
Phage,Phage
Phage,Phage
Phage,Phage
Phage,Phage
Phage,Phage
Phage,Phage
Phage,Phage
Phage,Phage
Phage,Phage
Phage,Phage
Phage,Phage
Phage,Phage
Phage,Phage
Phage,Phage
Phage,Phage
Phage,Phage
Phage,Phage
Phage,Phage
Phage,Phage
Phage,Phage
Phage,Phage
Phage,Phage
Phage,Phage
Phage,Phage
Phage,Phage
Phage,Phage
Phage,Phage
Phage,Phage
Phage,Phage
Phage,Phage
Phage,Phage
Phage,Phage
Phage,Phage
Phage,Phage
Phage,Phage
Phage,Phage
Phage,Phage
Phage,Phage
Phage,Phage
Phage,Phage
Phage,Phage
Phage,Phage
Phage,Phage
Phage,Phage
Phage,Phage
Phage,Phage
Phage,Phage
Phage,Phage
Phage,Phage
Phage,Phage
Phage,Phage
Phage,Phage
Phage,Phage
Phage,Phage
Phage,Phage
Phage,Phage
Phage,Phage
Phage,Phage
Phage,Phage
Phage,Phage
Phage,Phage
Phage,Phage
Phage,Phage
Phage,Phage
Phage,Phage
Phage,Phage
Phage,Phage
Phage,Phage
Phage,Phage
Phage,Phage
Phage,Phage
Phage,Phage
Phage,Phage
Phage,Phage
Phage,Phage
Phage,Phage
Phage,Phage
Phage,Phage
Phage,Phage
Phage,Phage
Phage,Phage
Phage,Phage
Phage,Phage
Phage,Phage
Phage,Phage
Phage,Phage
Phage,Phage
Phage,Phage
Phage,Phage
Phage,Phage
Phage,Phage
Phage,Phage
Phage,Phage
Phage,Phage
Phage,Phage
Phage,Phage
Phage,Phage
Phage,Phage
Phage,Phage
Phage,Phage
Phage,Phage
Phage,Phage
Phage,Phage
Phage,Phage
Phage,Phage
Phage,Phage
Phage,Phage
Phage,Phage
Phage,Phage
Phage,Phage
Phage,Phage
Phage,Phage
Phage,Phage
Phage,Phage
Phage,Phage
Phage,Phage
Phage,Phage
Phage,Phage
Phage,Phage
Phage,Phage
Phage,Phage
Phage,Phage
Phage,Phage
Phage,Phage
Phage,Phage
Phage,Phage
Phage,Phage
Phage,Phage
Phage,Phage
Phage,Phage
Phage,Phage
Phage,Phage
Phage,Phage
Phage,Phage
Phage,Phage
Phage,Phage
Phage,Phage
Phage,Phage
Phage,Phage
Phage,Phage
Phage,Phage
Phage,Phage
Phage,Phage
Phage,Phage
Phage,Phage
Phage,Phage
Phage,Phage
Phage,Phage
Phage,Phage
Phage,Phage
Phage,Phage
Phage,Phage
Phage,Phage
Phage,Phage
Phage,Phage
Phage,Phage
Phage,Phage
Phage,Phage
Phage,Phage
Phage,Phage
Phage,Phage
Phage,Phage
Phage,Phage
Phage,Phage
Phage,Phage
Phage,Phage
Phage,Phage
Phage,Phage
Phage,Phage
Phage,Phage
Phage,Phage
Phage,Phage
Phage,Phage
Phage,Phage
Phage,Phage
Phage,Phage
Phage,Phage
Phage,Phage
Phage,Phage
Phage,Phage
Phage,Phage
Phage,Phage
Phage,Phage
Phage,Phage
Phage,Phage
Phage,Phage
Phage,Phage
Phage,Phage
Phage,Phage
Phage,Phage
Phage,Phage
Phage,Phage
Phage,Phage
Phage,Phage
Phage,Phage
Phage,Phage
Phage,Phage
Phage,Phage
Phage,Phage
Phage,Phage
Phage,Phage
Phage,Phage
Phage,Phage
Phage,Phage
Phage,Phage
Phage,Phage
Phage,Phage
Phage,Phage
Phage,Phage
Phage,Phage
Phage,Phage
Phage,Phage
Phage,Phage
Phage,Phage
Phage,Phage
Phage,Phage
Phage,Phage
Phage,Phage
Phage,Phage
Phage,Phage
Phage,Phage
Phage,Phage
Phage,Phage
Phage,Phage
Phage,Phage
Phage,Phage
Phage,Phage
Phage,Phage
Phage,Phage
Phage,Phage
Phage,Phage
Phage,Phage
Phage,Phage
Phage,Phage
Phage,Phage
Phage,Phage
Phage,Phage
Phage,Phage
Phage,Phage
Phage,Phage
Phage,Phage
Phage,Phage
Phage,Phage
Phage,Phage
Phage,Phage
Phage,Phage
Phage,Phage
Phage,Phage
Phage,Phage
Phage,Phage
Phage,Phage
Phage,Phage
Phage,Phage
Bacteria,Phage
Phage,Phage
Phage,Phage
Phage,Phage
Phage,Phage
Phage,Phage
Phage,Phage
Phage,Phage
Phage,Phage
Phage,Phage
Phage,Phage
Phage,Phage
Phage,Phage
Phage,Phage
Phage,Phage
Phage,Phage
Phage,Phage
Phage,Phage
Phage,Phage
Phage,Phage
Phage,Phage
Phage,Phage
Phage,Phage
Phage,Phage
Phage,Phage
Phage,Phage
Phage,Phage
Phage,Phage
Phage,Phage
Phage,Phage
Phage,Phage
Phage,Phage
Phage,Phage
Phage,Phage
Phage,Phage
Phage,Phage
Phage,Phage
Phage,Phage
Phage,Phage
Phage,Phage
Phage,Phage
Phage,Phage
Phage,Phage
Phage,Phage
Phage,Phage
Phage,Phage
Phage,Phage
Phage,Phage
Phage,Phage
Phage,Phage
Phage,Phage
Phage,Phage
Phage,Phage
Phage,Phage
Phage,Phage
Phage,Phage
Phage,Phage
Phage,Phage
Phage,Phage
Phage,Phage
Phage,Phage
Phage,Phage
Phage,Phage
Phage,Phage
Phage,Phage
Phage,Phage
Phage,Phage
Phage,Phage
Phage,Phage
Phage,Phage
Phage,Phage
Phage,Phage
Phage,Phage
Phage,Phage
Phage,Phage
Phage,Phage
Phage,Phage
Phage,Phage
Phage,Phage
Phage,Phage
Phage,Phage
Phage,Phage
Phage,Phage
Phage,Phage
Phage,Phage
Phage,Phage
Phage,Phage
Phage,Phage
Phage,Phage
Phage,Phage
Phage,Phage
Phage,Phage
Phage,Phage
Phage,Phage
Phage,Phage
Phage,Phage
Phage,Phage
Phage,Phage
Phage,Phage
Phage,Phage
Phage,Phage
Phage,Phage
Phage,Phage
Phage,Phage
Phage,Phage
Phage,Phage
Phage,Phage
Phage,Phage
Phage,Phage
Phage,Phage
Phage,Phage
Phage,Phage
Phage,Phage
Phage,Phage
Phage,Phage
Phage,Phage
Phage,Phage
Phage,Phage
Phage,Phage
Phage,Phage
Phage,Phage
Phage,Phage
Phage,Phage
Phage,Phage
Phage,Phage
Phage,Phage
Phage,Phage
Phage,Phage
Phage,Phage
Phage,Phage
Phage,Phage
Phage,Phage
Phage,Phage
Phage,Phage
Phage,Phage
Phage,Phage
Phage,Phage
Phage,Phage
Phage,Phage
Phage,Phage
Phage,Phage
Phage,Phage
Phage,Phage
Phage,Phage
Phage,Phage
Phage,Phage
Phage,Phage
Phage,Phage
Phage,Phage
Phage,Phage
Phage,Phage
Phage,Phage
Phage,Phage
Phage,Phage
Phage,Phage
Phage,Phage
Phage,Phage
Phage,Phage
Phage,Phage
Phage,Phage
Phage,Phage
Phage,Phage
Phage,Phage
Phage,Phage
Phage,Phage
Phage,Phage
Phage,Phage
Phage,Phage
Phage,Phage
Phage,Phage
Phage,Phage
Phage,Phage
Phage,Phage
Phage,Phage
Phage,Phage
Phage,Phage
Phage,Phage
Phage,Phage
Phage,Phage
Phage,Phage
Phage,Phage
Phage,Phage
Phage,Phage
Phage,Phage
Phage,Phage
Phage,Phage
Phage,Phage
Phage,Phage
Phage,Phage
Phage,Phage
Phage,Phage
Phage,Phage
Phage,Phage
Phage,Phage
Phage,Phage
Phage,Phage
Phage,Phage
Phage,Phage
Phage,Phage
Phage,Phage
Phage,Phage
Phage,Phage
Phage,Phage
Phage,Phage
Phage,Phage
Phage,Phage
Phage,Phage
Phage,Phage
Phage,Phage
Phage,Phage
Phage,Phage
Phage,Phage
Phage,Phage
Phage,Phage
Phage,Phage
Phage,Phage
Phage,Phage
Phage,Phage
Phage,Phage
Phage,Phage
Phage,Phage
Phage,Phage
Phage,Phage
Phage,Phage
Phage,Phage
Phage,Phage
Phage,Phage
Phage,Phage
Phage,Phage
Phage,Phage
Phage,Phage
Phage,Phage
Phage,Phage
Phage,Phage
Phage,Phage
Phage,Phage
Phage,Phage
Phage,Phage
Phage,Phage
Phage,Phage
Phage,Phage
Phage,Phage
Phage,Phage
Phage,Phage
Phage,Phage
Phage,Phage
Phage,Phage
Phage,Phage
Phage,Phage
Phage,Phage
Phage,Phage
Phage,Phage
Phage,Phage
Phage,Phage
Phage,Phage
Phage,Phage
Phage,Phage
Phage,Phage
Phage,Phage
Phage,Phage
Phage,Phage
Phage,Phage
Phage,Phage
Phage,Phage
Phage,Phage
Phage,Phage
Phage,Phage
Phage,Phage
Phage,Phage
Phage,Phage
Phage,Phage
Phage,Phage
Phage,Phage
Phage,Phage
Phage,Phage
Phage,Phage
Phage,Phage
Phage,Phage
Phage,Phage
Phage,Phage
Phage,Phage
Phage,Phage
Phage,Phage
Phage,Phage
Phage,Phage
Phage,Phage
Phage,Phage
Phage,Phage
Phage,Phage
Phage,Phage
Phage,Phage
Phage,Phage
Phage,Phage
Phage,Phage
Phage,Phage
Phage,Phage
Phage,Phage
Phage,Phage
Phage,Phage
Phage,Phage
Phage,Phage
Phage,Phage
Phage,Phage
Phage,Phage
Phage,Phage
Phage,Phage
Phage,Phage
Phage,Phage
Phage,Phage
Phage,Phage
Phage,Phage
Phage,Phage
Phage,Phage
Phage,Phage
Phage,Phage
Phage,Phage
Phage,Phage
Phage,Phage
Phage,Phage
Phage,Phage
Phage,Phage
Phage,Phage
Phage,Phage
Phage,Phage
Phage,Phage
Phage,Phage
Phage,Phage
Phage,Phage
Phage,Phage
Phage,Phage
Phage,Phage
Bacteria,Phage
Phage,Phage
Phage,Phage
Phage,Phage
Phage,Phage
Phage,Phage
Phage,Phage
Phage,Phage
Phage,Phage
Phage,Phage
Phage,Phage
Phage,Phage
Phage,Phage
Phage,Phage
Phage,Phage
Phage,Phage
Phage,Phage
Phage,Phage
Phage,Phage
Phage,Phage
Phage,Phage
Phage,Phage
Phage,Phage
Phage,Phage
Phage,Phage
Phage,Phage
Phage,Phage
Phage,Phage
Phage,Phage
Phage,Phage
Phage,Phage
Phage,Phage
Phage,Phage
Phage,Phage
Phage,Phage
Phage,Phage
Phage,Phage
Phage,Phage
Phage,Phage
Phage,Phage
Phage,Phage
Phage,Phage
Phage,Phage
Phage,Phage
Phage,Phage
Phage,Phage
Phage,Phage
Phage,Phage
Phage,Phage
Phage,Phage
Phage,Phage
Phage,Phage
Phage,Phage
Phage,Phage
Phage,Phage
Phage,Phage
Phage,Phage
Phage,Phage
Phage,Phage
Phage,Phage
Phage,Phage
Phage,Phage
Phage,Phage
Phage,Phage
Phage,Phage
Phage,Phage
Phage,Phage
Phage,Phage
Phage,Phage
Phage,Phage
Phage,Phage
Phage,Phage
Phage,Phage
Phage,Phage
Phage,Phage
Phage,Phage
Phage,Phage
Phage,Phage
Phage,Phage
Phage,Phage
Phage,Phage
Phage,Phage
Phage,Phage
Phage,Phage
Phage,Phage
Phage,Phage
Phage,Phage
Phage,Phage
Phage,Phage
Phage,Phage
Phage,Phage
Phage,Phage
Phage,Phage
Phage,Phage
Phage,Phage
Phage,Phage
Phage,Phage
Phage,Phage
Phage,Phage
Phage,Phage
Phage,Phage
Phage,Phage
Phage,Phage
Phage,Phage
Phage,Phage
Phage,Phage
Phage,Phage
Phage,Phage
Phage,Phage
Phage,Phage
Phage,Phage
Phage,Phage
Phage,Phage
Phage,Phage
Phage,Phage
Phage,Phage
Phage,Phage
Phage,Phage
Phage,Phage
Phage,Phage
Phage,Phage
Phage,Phage
Phage,Phage
Phage,Phage
Phage,Phage
Phage,Phage
Phage,Phage
Phage,Phage
Phage,Phage
Phage,Phage
Phage,Phage
Phage,Phage
Phage,Phage
Phage,Phage
Phage,Phage
Phage,Phage
Phage,Phage
Phage,Phage
Phage,Phage
Phage,Phage
Phage,Phage
Phage,Phage
Phage,Phage
Phage,Phage
Phage,Phage
Phage,Phage
Phage,Phage
Phage,Phage
Phage,Phage
Phage,Phage
Phage,Phage
Phage,Phage
Phage,Phage
Phage,Phage
Phage,Phage
Phage,Phage
Phage,Phage
Phage,Phage
Phage,Phage
Phage,Phage
Phage,Phage
Phage,Phage
Phage,Phage
Phage,Phage
Phage,Phage
Phage,Phage
Phage,Phage
Phage,Phage
Phage,Phage
Phage,Phage
Phage,Phage
Phage,Phage
Phage,Phage
Phage,Phage
Phage,Phage
Phage,Phage
Phage,Phage
Phage,Phage
Phage,Phage
Phage,Phage
Phage,Phage
Phage,Phage
Phage,Phage
Phage,Phage
Phage,Phage
Phage,Phage
Phage,Phage
Phage,Phage
Phage,Phage
Phage,Phage
Phage,Phage
Phage,Phage
Phage,Phage
Phage,Phage
Phage,Phage
Phage,Phage
Phage,Phage
Phage,Phage
Phage,Phage
Phage,Phage
Phage,Phage
Phage,Phage
Phage,Phage
Phage,Phage
Phage,Phage
Phage,Phage
Phage,Phage
Phage,Phage
Phage,Phage
Phage,Phage
Phage,Phage
Phage,Phage
Phage,Phage
Phage,Phage
Phage,Phage
Phage,Phage
Phage,Phage
Phage,Phage
Phage,Phage
Phage,Phage
Phage,Phage
Phage,Phage
Phage,Phage
Phage,Phage
Phage,Phage
Phage,Phage
Phage,Phage
Phage,Phage
Phage,Phage
Phage,Phage
Phage,Phage
Phage,Phage
Phage,Phage
Phage,Phage
Phage,Phage
Phage,Phage
Phage,Phage
Phage,Phage
Phage,Phage
Phage,Phage
Phage,Phage
Phage,Phage
Phage,Phage
Phage,Phage
Phage,Phage
Phage,Phage
Phage,Phage
Phage,Phage
Phage,Phage
Phage,Phage
Phage,Phage
Phage,Phage
Phage,Phage
Phage,Phage
Phage,Phage
Phage,Phage
Phage,Phage
Phage,Phage
Phage,Phage
Phage,Phage
Phage,Phage
Phage,Phage
Phage,Phage
Phage,Phage
Phage,Phage
Phage,Phage
Phage,Phage
Phage,Phage
Phage,Phage
Phage,Phage
Phage,Phage
Phage,Phage
Phage,Phage
Phage,Phage
Phage,Phage
Phage,Phage
Phage,Phage
Phage,Phage
Phage,Phage
Phage,Phage
Phage,Phage
Phage,Phage
Phage,Phage
Phage,Phage
Phage,Phage
Phage,Phage
Phage,Phage
Phage,Phage
Phage,Phage
Phage,Phage
Phage,Phage
Phage,Phage
Phage,Phage
Phage,Phage
Phage,Phage
Phage,Phage
Phage,Phage
Phage,Phage
Phage,Phage
Phage,Phage
Phage,Phage
Phage,Phage
Bacteria,Phage
Phage,Phage
Phage,Phage
Phage,Phage
Phage,Phage
Phage,Phage
Phage,Phage
Phage,Phage
Phage,Phage
Phage,Phage
Phage,Phage
Phage,Phage
Phage,Phage
Phage,Phage
Phage,Phage
Phage,Phage
Phage,Phage
Phage,Phage
Phage,Phage
Phage,Phage
Bacteria,Bacteria
Bacteria,Bacteria
Bacteria,Bacteria
Bacteria,Bacteria
Bacteria,Bacteria
Bacteria,Bacteria
Bacteria,Bacteria
Bacteria,Bacteria
Bacteria,Bacteria
Bacteria,Bacteria
Bacteria,Bacteria
Bacteria,Bacteria
Bacteria,Bacteria
Bacteria,Bacteria
Bacteria,Bacteria
Bacteria,Bacteria
Bacteria,Bacteria
Bacteria,Bacteria
Bacteria,Bacteria
Bacteria,Bacteria
Bacteria,Bacteria
Bacteria,Bacteria
Bacteria,Bacteria
Bacteria,Bacteria
Bacteria,Bacteria
Bacteria,Bacteria
Bacteria,Bacteria
Bacteria,Bacteria
Bacteria,Bacteria
Bacteria,Bacteria
Bacteria,Bacteria
Bacteria,Bacteria
Bacteria,Bacteria
Bacteria,Bacteria
Phage,Bacteria
Bacteria,Bacteria
Bacteria,Bacteria
Bacteria,Bacteria
Bacteria,Bacteria
Bacteria,Bacteria
Bacteria,Bacteria
Bacteria,Bacteria
Bacteria,Bacteria
Bacteria,Bacteria
Bacteria,Bacteria
Bacteria,Bacteria
Bacteria,Bacteria
Bacteria,Bacteria
Bacteria,Bacteria
Bacteria,Bacteria
Bacteria,Bacteria
Bacteria,Bacteria
Bacteria,Bacteria
Bacteria,Bacteria
Bacteria,Bacteria
Bacteria,Bacteria
Bacteria,Bacteria
Bacteria,Bacteria
Bacteria,Bacteria
Bacteria,Bacteria
Bacteria,Bacteria
Bacteria,Bacteria
Bacteria,Bacteria
Bacteria,Bacteria
Bacteria,Bacteria
Bacteria,Bacteria
Bacteria,Bacteria
Bacteria,Bacteria
Bacteria,Bacteria
Bacteria,Bacteria
Bacteria,Bacteria
Bacteria,Bacteria
Bacteria,Bacteria
Bacteria,Bacteria
Bacteria,Bacteria
Bacteria,Bacteria
Bacteria,Bacteria
Bacteria,Bacteria
Bacteria,Bacteria
Bacteria,Bacteria
Bacteria,Bacteria
Bacteria,Bacteria
Bacteria,Bacteria
Bacteria,Bacteria
Bacteria,Bacteria
Bacteria,Bacteria
Bacteria,Bacteria
Bacteria,Bacteria
Bacteria,Bacteria
Bacteria,Bacteria
Bacteria,Bacteria
Bacteria,Bacteria
Bacteria,Bacteria
Bacteria,Bacteria
Bacteria,Bacteria
Bacteria,Bacteria
Bacteria,Bacteria
Bacteria,Bacteria
Bacteria,Bacteria
Bacteria,Bacteria
Bacteria,Bacteria
Bacteria,Bacteria
Bacteria,Bacteria
Bacteria,Bacteria
Bacteria,Bacteria
Bacteria,Bacteria
Bacteria,Bacteria
Bacteria,Bacteria
Bacteria,Bacteria
Bacteria,Bacteria
Bacteria,Bacteria
Bacteria,Bacteria
Bacteria,Bacteria
Bacteria,Bacteria
Bacteria,Bacteria
Bacteria,Bacteria
Bacteria,Bacteria
Bacteria,Bacteria
Bacteria,Bacteria
Bacteria,Bacteria
Bacteria,Bacteria
Bacteria,Bacteria
Bacteria,Bacteria
Bacteria,Bacteria
Bacteria,Bacteria
Bacteria,Bacteria
Bacteria,Bacteria
Bacteria,Bacteria
Bacteria,Bacteria
Bacteria,Bacteria
Bacteria,Bacteria
Bacteria,Bacteria
Bacteria,Bacteria
Bacteria,Bacteria
Bacteria,Bacteria
Phage,Bacteria
Bacteria,Bacteria
Bacteria,Bacteria
Bacteria,Bacteria
Bacteria,Bacteria
Bacteria,Bacteria
Bacteria,Bacteria
Bacteria,Bacteria
Bacteria,Bacteria
Bacteria,Bacteria
Bacteria,Bacteria
Bacteria,Bacteria
Bacteria,Bacteria
Bacteria,Bacteria
Bacteria,Bacteria
Bacteria,Bacteria
Bacteria,Bacteria
Bacteria,Bacteria
Bacteria,Bacteria
Bacteria,Bacteria
Bacteria,Bacteria
Bacteria,Bacteria
Bacteria,Bacteria
Bacteria,Bacteria
Bacteria,Bacteria
Bacteria,Bacteria
Bacteria,Bacteria
Bacteria,Bacteria
Bacteria,Bacteria
Bacteria,Bacteria
Bacteria,Bacteria
Bacteria,Bacteria
Bacteria,Bacteria
Bacteria,Bacteria
Bacteria,Bacteria
Bacteria,Bacteria
Phage,Bacteria
Bacteria,Bacteria
Bacteria,Bacteria
Bacteria,Bacteria
Bacteria,Bacteria
Bacteria,Bacteria
Bacteria,Bacteria
Bacteria,Bacteria
Bacteria,Bacteria
Bacteria,Bacteria
Bacteria,Bacteria
Bacteria,Bacteria
Bacteria,Bacteria
Bacteria,Bacteria
Bacteria,Bacteria
Bacteria,Bacteria
Bacteria,Bacteria
Bacteria,Bacteria
Bacteria,Bacteria
Bacteria,Bacteria
Bacteria,Bacteria
Bacteria,Bacteria
Bacteria,Bacteria
Bacteria,Bacteria
Bacteria,Bacteria
Bacteria,Bacteria
Bacteria,Bacteria
Phage,Bacteria
Bacteria,Bacteria
Bacteria,Bacteria
Bacteria,Bacteria
Bacteria,Bacteria
Bacteria,Bacteria
Bacteria,Bacteria
Bacteria,Bacteria
Bacteria,Bacteria
Bacteria,Bacteria
Bacteria,Bacteria
Bacteria,Bacteria
Phage,Bacteria
Phage,Bacteria
Bacteria,Bacteria
Bacteria,Bacteria
Bacteria,Bacteria
Bacteria,Bacteria
Bacteria,Bacteria
Bacteria,Bacteria
Bacteria,Bacteria
Bacteria,Bacteria
Bacteria,Bacteria
Bacteria,Bacteria
Bacteria,Bacteria
Bacteria,Bacteria
Bacteria,Bacteria
Bacteria,Bacteria
Bacteria,Bacteria
Bacteria,Bacteria
Bacteria,Bacteria
Bacteria,Bacteria
Bacteria,Bacteria
Bacteria,Bacteria
Bacteria,Bacteria
Bacteria,Bacteria
Bacteria,Bacteria
Bacteria,Bacteria
Bacteria,Bacteria
Bacteria,Bacteria
Bacteria,Bacteria
Bacteria,Bacteria
Bacteria,Bacteria
Bacteria,Bacteria
Bacteria,Bacteria
Bacteria,Bacteria
Bacteria,Bacteria
Bacteria,Bacteria
Bacteria,Bacteria
Bacteria,Bacteria
Bacteria,Bacteria
Bacteria,Bacteria
Bacteria,Bacteria
Bacteria,Bacteria
Phage,Bacteria
Bacteria,Bacteria
Bacteria,Bacteria
Bacteria,Bacteria
Bacteria,Bacteria
Bacteria,Bacteria
Bacteria,Bacteria
Bacteria,Bacteria
Bacteria,Bacteria
Bacteria,Bacteria
Bacteria,Bacteria
Bacteria,Bacteria
Bacteria,Bacteria
Bacteria,Bacteria
Bacteria,Bacteria
Bacteria,Bacteria
Bacteria,Bacteria
Bacteria,Bacteria
Bacteria,Bacteria
Bacteria,Bacteria
Bacteria,Bacteria
Bacteria,Bacteria
Bacteria,Bacteria
Bacteria,Bacteria
Bacteria,Bacteria
Bacteria,Bacteria
Bacteria,Bacteria
Bacteria,Bacteria
Bacteria,Bacteria
Bacteria,Bacteria
Bacteria,Bacteria
Bacteria,Bacteria
Bacteria,Bacteria
Bacteria,Bacteria
Bacteria,Bacteria
Bacteria,Bacteria
Bacteria,Bacteria
Phage,Bacteria
Bacteria,Bacteria
Bacteria,Bacteria
Bacteria,Bacteria
Bacteria,Bacteria
Bacteria,Bacteria
Bacteria,Bacteria
Bacteria,Bacteria
Bacteria,Bacteria
Bacteria,Bacteria
Bacteria,Bacteria
Bacteria,Bacteria
Bacteria,Bacteria
Bacteria,Bacteria
Bacteria,Bacteria
Bacteria,Bacteria
Bacteria,Bacteria
Bacteria,Bacteria
Bacteria,Bacteria
Bacteria,Bacteria
Bacteria,Bacteria
Bacteria,Bacteria
Bacteria,Bacteria
Bacteria,Bacteria
Bacteria,Bacteria
Phage,Bacteria
Bacteria,Bacteria
Bacteria,Bacteria
Bacteria,Bacteria
Bacteria,Bacteria
Bacteria,Bacteria
Bacteria,Bacteria
Bacteria,Bacteria
Bacteria,Bacteria
Bacteria,Bacteria
Bacteria,Bacteria
Bacteria,Bacteria
Bacteria,Bacteria
Bacteria,Bacteria
Bacteria,Bacteria
Bacteria,Bacteria
Bacteria,Bacteria
Bacteria,Bacteria
Bacteria,Bacteria
Bacteria,Bacteria
Bacteria,Bacteria
Bacteria,Bacteria
Bacteria,Bacteria
Bacteria,Bacteria
Bacteria,Bacteria
Bacteria,Bacteria
Bacteria,Bacteria
Bacteria,Bacteria
Bacteria,Bacteria
Bacteria,Bacteria
Bacteria,Bacteria
Bacteria,Bacteria
Bacteria,Bacteria
Bacteria,Bacteria
Bacteria,Bacteria
Bacteria,Bacteria
Bacteria,Bacteria
Bacteria,Bacteria
Bacteria,Bacteria
Bacteria,Bacteria
Bacteria,Bacteria
Bacteria,Bacteria
Bacteria,Bacteria
Bacteria,Bacteria
Bacteria,Bacteria
Bacteria,Bacteria
Bacteria,Bacteria
Bacteria,Bacteria
Bacteria,Bacteria
Bacteria,Bacteria
Bacteria,Bacteria
Bacteria,Bacteria
Bacteria,Bacteria
Bacteria,Bacteria
Bacteria,Bacteria
Bacteria,Bacteria
Bacteria,Bacteria
Bacteria,Bacteria
Bacteria,Bacteria
Bacteria,Bacteria
Bacteria,Bacteria
Bacteria,Bacteria
Bacteria,Bacteria
Bacteria,Bacteria
Bacteria,Bacteria
Bacteria,Bacteria
Bacteria,Bacteria
Bacteria,Bacteria
Bacteria,Bacteria
Bacteria,Bacteria
Bacteria,Bacteria
Bacteria,Bacteria
Bacteria,Bacteria
Bacteria,Bacteria
Bacteria,Bacteria
Bacteria,Bacteria
Bacteria,Bacteria
Bacteria,Bacteria
Bacteria,Bacteria
Bacteria,Bacteria
Bacteria,Bacteria
Phage,Bacteria
Bacteria,Bacteria
Bacteria,Bacteria
Bacteria,Bacteria
Bacteria,Bacteria
Bacteria,Bacteria
Bacteria,Bacteria
Bacteria,Bacteria
Bacteria,Bacteria
Bacteria,Bacteria
Bacteria,Bacteria
Bacteria,Bacteria
Bacteria,Bacteria
Bacteria,Bacteria
Bacteria,Bacteria
Bacteria,Bacteria
Bacteria,Bacteria
Bacteria,Bacteria
Bacteria,Bacteria
Bacteria,Bacteria
Bacteria,Bacteria
Bacteria,Bacteria
Bacteria,Bacteria
Bacteria,Bacteria
Bacteria,Bacteria
Bacteria,Bacteria
Bacteria,Bacteria
Bacteria,Bacteria
Bacteria,Bacteria
Bacteria,Bacteria
Bacteria,Bacteria
Bacteria,Bacteria
Bacteria,Bacteria
Bacteria,Bacteria
Bacteria,Bacteria
Bacteria,Bacteria
Bacteria,Bacteria
Bacteria,Bacteria
Bacteria,Bacteria
Bacteria,Bacteria
Phage,Bacteria
Bacteria,Bacteria
Bacteria,Bacteria
Bacteria,Bacteria
Bacteria,Bacteria
Bacteria,Bacteria
Bacteria,Bacteria
Bacteria,Bacteria
Bacteria,Bacteria
Bacteria,Bacteria
Bacteria,Bacteria
Bacteria,Bacteria
Bacteria,Bacteria
Bacteria,Bacteria
Bacteria,Bacteria
Bacteria,Bacteria
Bacteria,Bacteria
Bacteria,Bacteria
Bacteria,Bacteria
Bacteria,Bacteria
Bacteria,Bacteria
Bacteria,Bacteria
Bacteria,Bacteria
Bacteria,Bacteria
Bacteria,Bacteria
Bacteria,Bacteria
Bacteria,Bacteria
Bacteria,Bacteria
Bacteria,Bacteria
Bacteria,Bacteria
Bacteria,Bacteria
Bacteria,Bacteria
Bacteria,Bacteria
Bacteria,Bacteria
Bacteria,Bacteria
Bacteria,Bacteria
Bacteria,Bacteria
Bacteria,Bacteria
Bacteria,Bacteria
Bacteria,Bacteria
Bacteria,Bacteria
Bacteria,Bacteria
Bacteria,Bacteria
Bacteria,Bacteria
Bacteria,Bacteria
Bacteria,Bacteria
Bacteria,Bacteria
Bacteria,Bacteria
Bacteria,Bacteria
Bacteria,Bacteria
Bacteria,Bacteria
Bacteria,Bacteria
Bacteria,Bacteria
Bacteria,Bacteria
Bacteria,Bacteria
Bacteria,Bacteria
Bacteria,Bacteria
Bacteria,Bacteria
Bacteria,Bacteria
Bacteria,Bacteria
Bacteria,Bacteria
Bacteria,Bacteria
Bacteria,Bacteria
Bacteria,Bacteria
Bacteria,Bacteria
Bacteria,Bacteria
Bacteria,Bacteria
Bacteria,Bacteria
Bacteria,Bacteria
Bacteria,Bacteria
Bacteria,Bacteria
Bacteria,Bacteria
Bacteria,Bacteria
Bacteria,Bacteria
Bacteria,Bacteria
Bacteria,Bacteria
Bacteria,Bacteria
Bacteria,Bacteria
Bacteria,Bacteria
Bacteria,Bacteria
Bacteria,Bacteria
Bacteria,Bacteria
Bacteria,Bacteria
Bacteria,Bacteria
Bacteria,Bacteria
Bacteria,Bacteria
Bacteria,Bacteria
Bacteria,Bacteria
Bacteria,Bacteria
Bacteria,Bacteria
Bacteria,Bacteria
Bacteria,Bacteria
Bacteria,Bacteria
Bacteria,Bacteria
Bacteria,Bacteria
Bacteria,Bacteria
Bacteria,Bacteria
Bacteria,Bacteria
Bacteria,Bacteria
Bacteria,Bacteria
Bacteria,Bacteria
Bacteria,Bacteria
Bacteria,Bacteria
Bacteria,Bacteria
Bacteria,Bacteria
Bacteria,Bacteria
Bacteria,Bacteria
Bacteria,Bacteria
Bacteria,Bacteria
Bacteria,Bacteria
Bacteria,Bacteria
Bacteria,Bacteria
Bacteria,Bacteria
Bacteria,Bacteria
Bacteria,Bacteria
Bacteria,Bacteria
Bacteria,Bacteria
Bacteria,Bacteria
Bacteria,Bacteria
Bacteria,Bacteria
Bacteria,Bacteria
Bacteria,Bacteria
Bacteria,Bacteria
Bacteria,Bacteria
Bacteria,Bacteria
Bacteria,Bacteria
Bacteria,Bacteria
Bacteria,Bacteria
Bacteria,Bacteria
Bacteria,Bacteria
Bacteria,Bacteria
Bacteria,Bacteria
Bacteria,Bacteria
Bacteria,Bacteria
Bacteria,Bacteria
Bacteria,Bacteria
Bacteria,Bacteria
Bacteria,Bacteria
Bacteria,Bacteria
Bacteria,Bacteria
Bacteria,Bacteria
Bacteria,Bacteria
Bacteria,Bacteria
Bacteria,Bacteria
Bacteria,Bacteria
Bacteria,Bacteria
Bacteria,Bacteria
Bacteria,Bacteria
Bacteria,Bacteria
Bacteria,Bacteria
Bacteria,Bacteria
Bacteria,Bacteria
Bacteria,Bacteria
Bacteria,Bacteria
Bacteria,Bacteria
Bacteria,Bacteria
Bacteria,Bacteria
Bacteria,Bacteria
Bacteria,Bacteria
Bacteria,Bacteria
Bacteria,Bacteria
Bacteria,Bacteria
Bacteria,Bacteria
Bacteria,Bacteria
Bacteria,Bacteria
Bacteria,Bacteria
Bacteria,Bacteria
Bacteria,Bacteria
Bacteria,Bacteria
Bacteria,Bacteria
Bacteria,Bacteria
Bacteria,Bacteria
Bacteria,Bacteria
Bacteria,Bacteria
Bacteria,Bacteria
Bacteria,Bacteria
Bacteria,Bacteria
Bacteria,Bacteria
Bacteria,Bacteria
Bacteria,Bacteria
Bacteria,Bacteria
Bacteria,Bacteria
Bacteria,Bacteria
Bacteria,Bacteria
Bacteria,Bacteria
Bacteria,Bacteria
Bacteria,Bacteria
Bacteria,Bacteria
Bacteria,Bacteria
Bacteria,Bacteria
Bacteria,Bacteria
Bacteria,Bacteria
Bacteria,Bacteria
Bacteria,Bacteria
Bacteria,Bacteria
Bacteria,Bacteria
Bacteria,Bacteria
Bacteria,Bacteria
Bacteria,Bacteria
Bacteria,Bacteria
Bacteria,Bacteria
Bacteria,Bacteria
Bacteria,Bacteria
Bacteria,Bacteria
Bacteria,Bacteria
Bacteria,Bacteria
Bacteria,Bacteria
Bacteria,Bacteria
Bacteria,Bacteria
Bacteria,Bacteria
Bacteria,Bacteria
Bacteria,Bacteria
Bacteria,Bacteria
Bacteria,Bacteria
Bacteria,Bacteria
Bacteria,Bacteria
Bacteria,Bacteria
Bacteria,Bacteria
Bacteria,Bacteria
Bacteria,Bacteria
Bacteria,Bacteria
Bacteria,Bacteria
Bacteria,Bacteria
Bacteria,Bacteria
Bacteria,Bacteria
Bacteria,Bacteria
Bacteria,Bacteria
Bacteria,Bacteria
Bacteria,Bacteria
Bacteria,Bacteria
Bacteria,Bacteria
Phage,Bacteria
Bacteria,Bacteria
Bacteria,Bacteria
Bacteria,Bacteria
Bacteria,Bacteria
Bacteria,Bacteria
Bacteria,Bacteria
Bacteria,Bacteria
Bacteria,Bacteria
Bacteria,Bacteria
Bacteria,Bacteria
Bacteria,Bacteria
Bacteria,Bacteria
Bacteria,Bacteria
Bacteria,Bacteria
Bacteria,Bacteria
Bacteria,Bacteria
Bacteria,Bacteria
Bacteria,Bacteria
Bacteria,Bacteria
Bacteria,Bacteria
Bacteria,Bacteria
Bacteria,Bacteria
Bacteria,Bacteria
Bacteria,Bacteria
